Classifier,Label,Class,Precision,Recall,F1-Score,Support
LogisticRegression,Appeal_to_Authority,0.0,0.9867916489135066,0.9961290322580645,0.9914383561643835,2325.0
LogisticRegression,Appeal_to_Authority,1.0,0.0,0.0,0.0,31.0
LogisticRegression,Appeal_to_Popularity,0.0,0.9965942954448701,0.9970187393526405,0.9968064722163082,2348.0
LogisticRegression,Appeal_to_Popularity,1.0,0.0,0.0,0.0,8.0
LogisticRegression,Appeal_to_Fear-Prejudice,0.0,0.9622155431515672,0.9924712134632419,0.9771092217135382,2258.0
LogisticRegression,Appeal_to_Fear-Prejudice,1.0,0.37037037037037035,0.10204081632653061,0.16,98.0
LogisticRegression,Flag_Waving,0.0,0.9724849527085124,0.9916703200350724,0.9819839374864336,2281.0
LogisticRegression,Flag_Waving,1.0,0.36666666666666664,0.14666666666666667,0.2095238095238095,75.0
LogisticRegression,Causal_Oversimplification,0.0,0.9838022165387894,0.9956859361518551,0.9897084048027445,2318.0
LogisticRegression,Causal_Oversimplification,1.0,0.0,0.0,0.0,38.0
LogisticRegression,False_Dilemma-No_Choice,0.0,0.9842351938645079,0.996548748921484,0.9903536977491961,2318.0
LogisticRegression,False_Dilemma-No_Choice,1.0,0.1111111111111111,0.02631578947368421,0.0425531914893617,38.0
LogisticRegression,Straw_Man,0.0,0.9987266553480475,1.0,0.9993629220641326,2353.0
LogisticRegression,Straw_Man,1.0,0.0,0.0,0.0,3.0
LogisticRegression,Red_Herring,0.0,0.9965928449744463,0.9965928449744463,0.9965928449744463,2348.0
LogisticRegression,Red_Herring,1.0,0.0,0.0,0.0,8.0
LogisticRegression,Whataboutism,0.0,0.9991511035653651,1.0,0.9995753715498938,2354.0
LogisticRegression,Whataboutism,1.0,0.0,0.0,0.0,2.0
LogisticRegression,Slogans,0.0,0.9863130881094953,0.9931093884582257,0.9896995708154507,2322.0
LogisticRegression,Slogans,1.0,0.1111111111111111,0.058823529411764705,0.07692307692307691,34.0
LogisticRegression,Conversation_Killer,0.0,0.9901918976545843,0.9952850407201028,0.9927319367250962,2333.0
LogisticRegression,Conversation_Killer,1.0,0.0,0.0,0.0,23.0
LogisticRegression,Loaded_Language,0.0,0.8633268482490273,0.931758530183727,0.8962383236556425,1905.0
LogisticRegression,Loaded_Language,1.0,0.5666666666666667,0.376940133037694,0.45272969374167776,451.0
LogisticRegression,Repetition,0.0,0.9389410760034159,0.9950226244343892,0.9661687170474518,2210.0
LogisticRegression,Repetition,1.0,0.21428571428571427,0.02054794520547945,0.0375,146.0
LogisticRegression,Exaggeration-Minimisation,0.0,0.9576742197520308,0.9942299156679982,0.9756097560975611,2253.0
LogisticRegression,Exaggeration-Minimisation,1.0,0.23529411764705882,0.038834951456310676,0.06666666666666667,103.0
LogisticRegression,Obfuscation-Vagueness-Confusion,0.0,0.9974511469838573,0.9991489361702127,0.9982993197278911,2350.0
LogisticRegression,Obfuscation-Vagueness-Confusion,1.0,0.0,0.0,0.0,6.0
LogisticRegression,Name_Calling-Labeling,0.0,0.9112795363352653,0.9691797060218112,0.9393382352941176,2109.0
LogisticRegression,Name_Calling-Labeling,1.0,0.4247787610619469,0.19433198380566802,0.26666666666666666,247.0
LogisticRegression,Doubt,0.0,0.9491159982751186,0.9887690925426774,0.9685368536853686,2226.0
LogisticRegression,Doubt,1.0,0.32432432432432434,0.09230769230769231,0.1437125748502994,130.0
LogisticRegression,Guilt_by_Association,0.0,0.9931885908897403,0.9974348011970928,0.995307167235495,2339.0
LogisticRegression,Guilt_by_Association,1.0,0.14285714285714285,0.058823529411764705,0.08333333333333333,17.0
LogisticRegression,Appeal_to_Hypocrisy,0.0,0.9961734693877551,0.9987212276214834,0.9974457215836526,2346.0
LogisticRegression,Appeal_to_Hypocrisy,1.0,0.25,0.1,0.14285714285714288,10.0
LogisticRegression,None,0.0,0.727810650887574,0.6327160493827161,0.6769400110071546,972.0
LogisticRegression,None,1.0,0.7637326273990734,0.8338150289017341,0.7972366148531951,1384.0
RandomForest,Appeal_to_Authority,0.0,0.9868421052631579,1.0,0.9933774834437086,2325.0
RandomForest,Appeal_to_Authority,1.0,0.0,0.0,0.0,31.0
RandomForest,Appeal_to_Popularity,0.0,0.9966044142614601,1.0,0.9982993197278911,2348.0
RandomForest,Appeal_to_Popularity,1.0,0.0,0.0,0.0,8.0
RandomForest,Appeal_to_Fear-Prejudice,0.0,0.9595744680851064,0.9986713906111603,0.9787326388888888,2258.0
RandomForest,Appeal_to_Fear-Prejudice,1.0,0.5,0.030612244897959183,0.05769230769230769,98.0
RandomForest,Flag_Waving,0.0,0.9685774946921444,1.0,0.9840379637618637,2281.0
RandomForest,Flag_Waving,1.0,1.0,0.013333333333333334,0.02631578947368421,75.0
RandomForest,Causal_Oversimplification,0.0,0.9838709677419355,1.0,0.991869918699187,2318.0
RandomForest,Causal_Oversimplification,1.0,0.0,0.0,0.0,38.0
RandomForest,False_Dilemma-No_Choice,0.0,0.9838709677419355,1.0,0.991869918699187,2318.0
RandomForest,False_Dilemma-No_Choice,1.0,0.0,0.0,0.0,38.0
RandomForest,Straw_Man,0.0,0.9987266553480475,1.0,0.9993629220641326,2353.0
RandomForest,Straw_Man,1.0,0.0,0.0,0.0,3.0
RandomForest,Red_Herring,0.0,0.9966044142614601,1.0,0.9982993197278911,2348.0
RandomForest,Red_Herring,1.0,0.0,0.0,0.0,8.0
RandomForest,Whataboutism,0.0,0.9991511035653651,1.0,0.9995753715498938,2354.0
RandomForest,Whataboutism,1.0,0.0,0.0,0.0,2.0
RandomForest,Slogans,0.0,0.9855687606112055,1.0,0.9927319367250963,2322.0
RandomForest,Slogans,1.0,0.0,0.0,0.0,34.0
RandomForest,Conversation_Killer,0.0,0.9902376910016978,1.0,0.9950949029643847,2333.0
RandomForest,Conversation_Killer,1.0,0.0,0.0,0.0,23.0
RandomForest,Loaded_Language,0.0,0.8508853681267474,0.9585301837270341,0.9015058010367811,1905.0
RandomForest,Loaded_Language,1.0,0.6238095238095238,0.29046563192904656,0.39636913767019666,451.0
RandomForest,Repetition,0.0,0.9380305602716469,1.0,0.96802452912834,2210.0
RandomForest,Repetition,1.0,0.0,0.0,0.0,146.0
RandomForest,Exaggeration-Minimisation,0.0,0.9562632696390658,0.9995561473590768,0.9774305555555556,2253.0
RandomForest,Exaggeration-Minimisation,1.0,0.0,0.0,0.0,103.0
RandomForest,Obfuscation-Vagueness-Confusion,0.0,0.9974533106960951,1.0,0.9987250318742031,2350.0
RandomForest,Obfuscation-Vagueness-Confusion,1.0,0.0,0.0,0.0,6.0
RandomForest,Name_Calling-Labeling,0.0,0.9031277150304083,0.9857752489331437,0.9426433915211971,2109.0
RandomForest,Name_Calling-Labeling,1.0,0.4444444444444444,0.09716599190283401,0.15946843853820597,247.0
RandomForest,Doubt,0.0,0.9447983014861996,0.9995507637017071,0.9714036236629557,2226.0
RandomForest,Doubt,1.0,0.0,0.0,0.0,130.0
RandomForest,Guilt_by_Association,0.0,0.9927843803056027,1.0,0.9963791267305644,2339.0
RandomForest,Guilt_by_Association,1.0,0.0,0.0,0.0,17.0
RandomForest,Appeal_to_Hypocrisy,0.0,0.9957555178268251,1.0,0.9978732454274777,2346.0
RandomForest,Appeal_to_Hypocrisy,1.0,0.0,0.0,0.0,10.0
RandomForest,None,0.0,0.7269700332963374,0.6738683127572016,0.6994127068873465,972.0
RandomForest,None,1.0,0.7821305841924399,0.8222543352601156,0.8016907361747093,1384.0
SVC,Appeal_to_Authority,0.0,0.9868421052631579,1.0,0.9933774834437086,2325.0
SVC,Appeal_to_Authority,1.0,0.0,0.0,0.0,31.0
SVC,Appeal_to_Popularity,0.0,0.9966044142614601,1.0,0.9982993197278911,2348.0
SVC,Appeal_to_Popularity,1.0,0.0,0.0,0.0,8.0
SVC,Appeal_to_Fear-Prejudice,0.0,0.9584040747028862,1.0,0.9787602947550932,2258.0
SVC,Appeal_to_Fear-Prejudice,1.0,0.0,0.0,0.0,98.0
SVC,Flag_Waving,0.0,0.9681663837011885,1.0,0.9838257494069441,2281.0
SVC,Flag_Waving,1.0,0.0,0.0,0.0,75.0
SVC,Causal_Oversimplification,0.0,0.9838709677419355,1.0,0.991869918699187,2318.0
SVC,Causal_Oversimplification,1.0,0.0,0.0,0.0,38.0
SVC,False_Dilemma-No_Choice,0.0,0.9838709677419355,1.0,0.991869918699187,2318.0
SVC,False_Dilemma-No_Choice,1.0,0.0,0.0,0.0,38.0
SVC,Straw_Man,0.0,0.9987266553480475,1.0,0.9993629220641326,2353.0
SVC,Straw_Man,1.0,0.0,0.0,0.0,3.0
SVC,Red_Herring,0.0,0.9966044142614601,1.0,0.9982993197278911,2348.0
SVC,Red_Herring,1.0,0.0,0.0,0.0,8.0
SVC,Whataboutism,0.0,0.9991511035653651,1.0,0.9995753715498938,2354.0
SVC,Whataboutism,1.0,0.0,0.0,0.0,2.0
SVC,Slogans,0.0,0.9855687606112055,1.0,0.9927319367250963,2322.0
SVC,Slogans,1.0,0.0,0.0,0.0,34.0
SVC,Conversation_Killer,0.0,0.9902376910016978,1.0,0.9950949029643847,2333.0
SVC,Conversation_Killer,1.0,0.0,0.0,0.0,23.0
SVC,Loaded_Language,0.0,0.8509345794392523,0.9559055118110236,0.9003708281829418,1905.0
SVC,Loaded_Language,1.0,0.6111111111111112,0.2926829268292683,0.3958020989505247,451.0
SVC,Repetition,0.0,0.9380305602716469,1.0,0.96802452912834,2210.0
SVC,Repetition,1.0,0.0,0.0,0.0,146.0
SVC,Exaggeration-Minimisation,0.0,0.9562818336162988,1.0,0.9776524191798655,2253.0
SVC,Exaggeration-Minimisation,1.0,0.0,0.0,0.0,103.0
SVC,Obfuscation-Vagueness-Confusion,0.0,0.9974533106960951,1.0,0.9987250318742031,2350.0
SVC,Obfuscation-Vagueness-Confusion,1.0,0.0,0.0,0.0,6.0
SVC,Name_Calling-Labeling,0.0,0.9027777777777778,0.9862494073020389,0.9426693859052798,2109.0
SVC,Name_Calling-Labeling,1.0,0.4423076923076923,0.0931174089068826,0.15384615384615385,247.0
SVC,Doubt,0.0,0.9448217317487266,1.0,0.9716281099956351,2226.0
SVC,Doubt,1.0,0.0,0.0,0.0,130.0
SVC,Guilt_by_Association,0.0,0.9927843803056027,1.0,0.9963791267305644,2339.0
SVC,Guilt_by_Association,1.0,0.0,0.0,0.0,17.0
SVC,Appeal_to_Hypocrisy,0.0,0.9957555178268251,1.0,0.9978732454274777,2346.0
SVC,Appeal_to_Hypocrisy,1.0,0.0,0.0,0.0,10.0
SVC,None,0.0,0.7520958083832335,0.6460905349794238,0.6950747094631986,972.0
SVC,None,1.0,0.7738330046022354,0.8504335260115607,0.8103270223752153,1384.0
