Classifier,Label,Class,Precision,Recall,F1-Score,Support
LogisticRegression,Appeal_to_Authority,0.0,0.9868421052631579,1.0,0.9933774834437086,2325.0
LogisticRegression,Appeal_to_Authority,1.0,0.0,0.0,0.0,31.0
LogisticRegression,Appeal_to_Popularity,0.0,0.9966044142614601,1.0,0.9982993197278911,2348.0
LogisticRegression,Appeal_to_Popularity,1.0,0.0,0.0,0.0,8.0
LogisticRegression,Appeal_to_Fear-Prejudice,0.0,0.958776030599235,0.9991142604074402,0.9785296031229669,2258.0
LogisticRegression,Appeal_to_Fear-Prejudice,1.0,0.3333333333333333,0.01020408163265306,0.0198019801980198,98.0
LogisticRegression,Flag_Waving,0.0,0.9685774946921444,1.0,0.9840379637618637,2281.0
LogisticRegression,Flag_Waving,1.0,1.0,0.013333333333333334,0.02631578947368421,75.0
LogisticRegression,Causal_Oversimplification,0.0,0.983864118895966,0.9995685936151855,0.9916541836079606,2318.0
LogisticRegression,Causal_Oversimplification,1.0,0.0,0.0,0.0,38.0
LogisticRegression,False_Dilemma-No_Choice,0.0,0.9842820730671198,0.9995685936151855,0.9918664383561644,2318.0
LogisticRegression,False_Dilemma-No_Choice,1.0,0.5,0.02631578947368421,0.05,38.0
LogisticRegression,Straw_Man,0.0,0.9987266553480475,1.0,0.9993629220641326,2353.0
LogisticRegression,Straw_Man,1.0,0.0,0.0,0.0,3.0
LogisticRegression,Red_Herring,0.0,0.9966044142614601,1.0,0.9982993197278911,2348.0
LogisticRegression,Red_Herring,1.0,0.0,0.0,0.0,8.0
LogisticRegression,Whataboutism,0.0,0.9991511035653651,1.0,0.9995753715498938,2354.0
LogisticRegression,Whataboutism,1.0,0.0,0.0,0.0,2.0
LogisticRegression,Slogans,0.0,0.9855687606112055,1.0,0.9927319367250963,2322.0
LogisticRegression,Slogans,1.0,0.0,0.0,0.0,34.0
LogisticRegression,Conversation_Killer,0.0,0.9902335456475584,0.9995713673381912,0.9948805460750852,2333.0
LogisticRegression,Conversation_Killer,1.0,0.0,0.0,0.0,23.0
LogisticRegression,Loaded_Language,0.0,0.8413063477460901,0.9601049868766404,0.896788428536406,1905.0
LogisticRegression,Loaded_Language,1.0,0.5824175824175825,0.23503325942350334,0.33491311216429703,451.0
LogisticRegression,Repetition,0.0,0.9380042462845011,0.9995475113122172,0.9677984665936473,2210.0
LogisticRegression,Repetition,1.0,0.0,0.0,0.0,146.0
LogisticRegression,Exaggeration-Minimisation,0.0,0.9562074829931972,0.9982245894363071,0.9767643865363734,2253.0
LogisticRegression,Exaggeration-Minimisation,1.0,0.0,0.0,0.0,103.0
LogisticRegression,Obfuscation-Vagueness-Confusion,0.0,0.9974533106960951,1.0,0.9987250318742031,2350.0
LogisticRegression,Obfuscation-Vagueness-Confusion,1.0,0.0,0.0,0.0,6.0
LogisticRegression,Name_Calling-Labeling,0.0,0.9054054054054054,0.9848269321953532,0.9434476493300021,2109.0
LogisticRegression,Name_Calling-Labeling,1.0,0.4838709677419355,0.1214574898785425,0.19417475728155337,247.0
LogisticRegression,Doubt,0.0,0.9459574468085107,0.9986522911051213,0.9715909090909092,2226.0
LogisticRegression,Doubt,1.0,0.5,0.023076923076923078,0.04411764705882353,130.0
LogisticRegression,Guilt_by_Association,0.0,0.9927843803056027,1.0,0.9963791267305644,2339.0
LogisticRegression,Guilt_by_Association,1.0,0.0,0.0,0.0,17.0
LogisticRegression,Appeal_to_Hypocrisy,0.0,0.9957555178268251,1.0,0.9978732454274777,2346.0
LogisticRegression,Appeal_to_Hypocrisy,1.0,0.0,0.0,0.0,10.0
LogisticRegression,None,0.0,0.7128463476070529,0.5823045267489712,0.6409966024915061,972.0
LogisticRegression,None,1.0,0.7400768245838668,0.8352601156069365,0.7847929395790902,1384.0
RandomForest,Appeal_to_Authority,0.0,0.9868197278911565,0.9982795698924731,0.9925165704511438,2325.0
RandomForest,Appeal_to_Authority,1.0,0.0,0.0,0.0,31.0
RandomForest,Appeal_to_Popularity,0.0,0.9966044142614601,1.0,0.9982993197278911,2348.0
RandomForest,Appeal_to_Popularity,1.0,0.0,0.0,0.0,8.0
RandomForest,Appeal_to_Fear-Prejudice,0.0,0.9589216944801027,0.9924712134632419,0.9754080522306856,2258.0
RandomForest,Appeal_to_Fear-Prejudice,1.0,0.10526315789473684,0.02040816326530612,0.034188034188034185,98.0
RandomForest,Flag_Waving,0.0,0.9688433632095604,0.9951775537045155,0.9818339100346021,2281.0
RandomForest,Flag_Waving,1.0,0.15384615384615385,0.02666666666666667,0.04545454545454546,75.0
RandomForest,Causal_Oversimplification,0.0,0.983843537414966,0.998274374460742,0.9910064239828694,2318.0
RandomForest,Causal_Oversimplification,1.0,0.0,0.0,0.0,38.0
RandomForest,False_Dilemma-No_Choice,0.0,0.9842620161633348,0.998274374460742,0.9912186763760976,2318.0
RandomForest,False_Dilemma-No_Choice,1.0,0.2,0.02631578947368421,0.046511627906976744,38.0
RandomForest,Straw_Man,0.0,0.9987266553480475,1.0,0.9993629220641326,2353.0
RandomForest,Straw_Man,1.0,0.0,0.0,0.0,3.0
RandomForest,Red_Herring,0.0,0.9966044142614601,1.0,0.9982993197278911,2348.0
RandomForest,Red_Herring,1.0,0.0,0.0,0.0,8.0
RandomForest,Whataboutism,0.0,0.9991511035653651,1.0,0.9995753715498938,2354.0
RandomForest,Whataboutism,1.0,0.0,0.0,0.0,2.0
RandomForest,Slogans,0.0,0.985550361240969,0.9987080103359173,0.9920855614973262,2322.0
RandomForest,Slogans,1.0,0.0,0.0,0.0,34.0
RandomForest,Conversation_Killer,0.0,0.9902335456475584,0.9995713673381912,0.9948805460750852,2333.0
RandomForest,Conversation_Killer,1.0,0.0,0.0,0.0,23.0
RandomForest,Loaded_Language,0.0,0.8467858869018849,0.9196850393700787,0.8817312531454454,1905.0
RandomForest,Loaded_Language,1.0,0.46689895470383275,0.29711751662971175,0.3631436314363144,451.0
RandomForest,Repetition,0.0,0.9382768966995285,0.9904977375565611,0.963680387409201,2210.0
RandomForest,Repetition,1.0,0.08695652173913043,0.0136986301369863,0.023668639053254437,146.0
RandomForest,Exaggeration-Minimisation,0.0,0.9562231759656652,0.9889036839769196,0.9722888937377263,2253.0
RandomForest,Exaggeration-Minimisation,1.0,0.038461538461538464,0.009708737864077669,0.015503875968992248,103.0
RandomForest,Obfuscation-Vagueness-Confusion,0.0,0.9974533106960951,1.0,0.9987250318742031,2350.0
RandomForest,Obfuscation-Vagueness-Confusion,1.0,0.0,0.0,0.0,6.0
RandomForest,Name_Calling-Labeling,0.0,0.9069870939029817,0.96633475580844,0.9357208448117539,2109.0
RandomForest,Name_Calling-Labeling,1.0,0.3486238532110092,0.15384615384615385,0.21348314606741572,247.0
RandomForest,Doubt,0.0,0.947934595524957,0.9896675651392632,0.9683516483516483,2226.0
RandomForest,Doubt,1.0,0.28125,0.06923076923076923,0.11111111111111112,130.0
RandomForest,Guilt_by_Association,0.0,0.9927751806204845,0.9987174005985464,0.9957374254049446,2339.0
RandomForest,Guilt_by_Association,1.0,0.0,0.0,0.0,17.0
RandomForest,Appeal_to_Hypocrisy,0.0,0.9957555178268251,1.0,0.9978732454274777,2346.0
RandomForest,Appeal_to_Hypocrisy,1.0,0.0,0.0,0.0,10.0
RandomForest,None,0.0,0.6609977324263039,0.5997942386831275,0.6289104638619203,972.0
RandomForest,None,1.0,0.7360922659430122,0.7839595375722543,0.7592722183344996,1384.0
SVC,Appeal_to_Authority,0.0,0.9868421052631579,1.0,0.9933774834437086,2325.0
SVC,Appeal_to_Authority,1.0,0.0,0.0,0.0,31.0
SVC,Appeal_to_Popularity,0.0,0.9966044142614601,1.0,0.9982993197278911,2348.0
SVC,Appeal_to_Popularity,1.0,0.0,0.0,0.0,8.0
SVC,Appeal_to_Fear-Prejudice,0.0,0.9584040747028862,1.0,0.9787602947550932,2258.0
SVC,Appeal_to_Fear-Prejudice,1.0,0.0,0.0,0.0,98.0
SVC,Flag_Waving,0.0,0.9681663837011885,1.0,0.9838257494069441,2281.0
SVC,Flag_Waving,1.0,0.0,0.0,0.0,75.0
SVC,Causal_Oversimplification,0.0,0.9838709677419355,1.0,0.991869918699187,2318.0
SVC,Causal_Oversimplification,1.0,0.0,0.0,0.0,38.0
SVC,False_Dilemma-No_Choice,0.0,0.9838709677419355,1.0,0.991869918699187,2318.0
SVC,False_Dilemma-No_Choice,1.0,0.0,0.0,0.0,38.0
SVC,Straw_Man,0.0,0.9987266553480475,1.0,0.9993629220641326,2353.0
SVC,Straw_Man,1.0,0.0,0.0,0.0,3.0
SVC,Red_Herring,0.0,0.9966044142614601,1.0,0.9982993197278911,2348.0
SVC,Red_Herring,1.0,0.0,0.0,0.0,8.0
SVC,Whataboutism,0.0,0.9991511035653651,1.0,0.9995753715498938,2354.0
SVC,Whataboutism,1.0,0.0,0.0,0.0,2.0
SVC,Slogans,0.0,0.9855687606112055,1.0,0.9927319367250963,2322.0
SVC,Slogans,1.0,0.0,0.0,0.0,34.0
SVC,Conversation_Killer,0.0,0.9902376910016978,1.0,0.9950949029643847,2333.0
SVC,Conversation_Killer,1.0,0.0,0.0,0.0,23.0
SVC,Loaded_Language,0.0,0.8287763334827432,0.9706036745406824,0.894100580270793,1905.0
SVC,Loaded_Language,1.0,0.552,0.15299334811529933,0.23958333333333334,451.0
SVC,Repetition,0.0,0.9380305602716469,1.0,0.96802452912834,2210.0
SVC,Repetition,1.0,0.0,0.0,0.0,146.0
SVC,Exaggeration-Minimisation,0.0,0.9562818336162988,1.0,0.9776524191798655,2253.0
SVC,Exaggeration-Minimisation,1.0,0.0,0.0,0.0,103.0
SVC,Obfuscation-Vagueness-Confusion,0.0,0.9974533106960951,1.0,0.9987250318742031,2350.0
SVC,Obfuscation-Vagueness-Confusion,1.0,0.0,0.0,0.0,6.0
SVC,Name_Calling-Labeling,0.0,0.8979854264894985,0.993361782835467,0.9432687978388115,2109.0
SVC,Name_Calling-Labeling,1.0,0.391304347826087,0.03643724696356275,0.06666666666666667,247.0
SVC,Doubt,0.0,0.9448217317487266,1.0,0.9716281099956351,2226.0
SVC,Doubt,1.0,0.0,0.0,0.0,130.0
SVC,Guilt_by_Association,0.0,0.9927843803056027,1.0,0.9963791267305644,2339.0
SVC,Guilt_by_Association,1.0,0.0,0.0,0.0,17.0
SVC,Appeal_to_Hypocrisy,0.0,0.9957555178268251,1.0,0.9978732454274777,2346.0
SVC,Appeal_to_Hypocrisy,1.0,0.0,0.0,0.0,10.0
SVC,None,0.0,0.7011904761904761,0.6059670781893004,0.6501103752759383,972.0
SVC,None,1.0,0.7473614775725593,0.8186416184971098,0.7813793103448275,1384.0
