Qid,Rank via ANOVA/Random Forest,Q Category,Question
Q216,"(5, 19)",loaded_language,Can you find any instances where the language used is not neutral or objective?
Q212,"(1, 1)",loaded_language,Can you identify any instances where emotionally charged language is used to support a claim?
Q213,"(8, 0)",loaded_language,Are there parts in the text where the language is used to influence the reader's opinion or decision?
Q217,"(7, 12)",loaded_language,Does the text use language that is intended to sway the reader's viewpoint?
Q215,"(2, 31)",loaded_language,Does the text use language that is intended to provoke a particular reaction from the reader?
Q92,"(9, 5)",persuasive language,Does the text make use of positive or negative connotations to sway the reader's opinion?
Q88,"(12, 7)",persuasive language,Is there any use of expressive language or imagery that could influence the reader's feelings?
Q211,"(3, 2)",loaded_language,Are there words or phrases in the text that are intended to manipulate the reader's feelings?
Q295,"(20, 6)",exaggeration-minimisation,Can you identify any instances where the text may be using hyperbole or understatement?
Q210,"(6, 9)",loaded_language,Does the text contain words or phrases that evoke strong emotions?
Q20,"(0, 3)",objectivity,Does the author avoid using loaded language or emotionally-charged words?
Q258,"(4, 4)",none,Are there any emotionally charged words or phrases used in the text?
